{
  "source_file": "C:\\Users\\RENTAD~1\\AppData\\Local\\Temp\\tmpc622u4uj\\2025-08-15 10-20-04.mkv",
  "route": "whisper",
  "language": "es",
  "duration_sec": 142.8053125,
  "transcript": "que es posible que de ahí salgan actividades. Entonces, ahí sí, pues digamos que con más veras se traslada la prioridad de la integración para poder avanzar con esa parte de ese demo, porque es ya directamente con un cliente. ¿Te entendió con Falabella? Entonces, espera. Eso sería que se está solicitando un demo xbrl para ¿qué cliente? Qué pena. Falabella. Falabella. Y se debe hablar con Marcela sobre ese tema. Yo hoy voy a hablar con Marcela para ver lo que se tiene y evaluar si hay que hacer alguna actividad adicional. Listo. A las 11 tengo sesión con ella ahorita. Listo. Cualquier duda de contacto, por si de pronto tengo alguna duda de lo que hablamos ahorita. Dale. Y te paso el archivo. Listo, Mariana. Muchas gracias. Dale, entonces estamos hablando. Que estés bien. Dale, que estés bien. Muchas gracias. Hasta luego. Bueno, me lo pago. Completar la integración de todo. Se ha salvado el dinero de la integración. Entregar la maquetación de la baja. El ticket. El ticket. Se ha logrado obtener avances en el ticket. Pero debido a la priorización del cliente cobre, se hizo la liberación.",
  "words": [
    {
      "start": 0.0,
      "end": 4.64,
      "text": "que es posible que de ahí salgan actividades."
    },
    {
      "start": 4.64,
      "end": 8.4,
      "text": "Entonces, ahí sí, pues digamos que con más veras se"
    },
    {
      "start": 8.4,
      "end": 12.64,
      "text": "traslada la prioridad de la integración para poder avanzar"
    },
    {
      "start": 12.64,
      "end": 15.84,
      "text": "con esa parte de ese demo, porque es ya directamente con"
    },
    {
      "start": 15.84,
      "end": 17.92,
      "text": "un cliente."
    },
    {
      "start": 17.92,
      "end": 19.36,
      "text": "¿Te entendió con Falabella?"
    },
    {
      "start": 19.36,
      "end": 21.48,
      "text": "Entonces, espera."
    },
    {
      "start": 21.48,
      "end": 26.88,
      "text": "Eso sería que se está solicitando un demo xbrl para"
    },
    {
      "start": 26.88,
      "end": 27.8,
      "text": "¿qué cliente?"
    },
    {
      "start": 27.8,
      "end": 28.400000000000002,
      "text": "Qué pena."
    },
    {
      "start": 28.44,
      "end": 29.64,
      "text": "Falabella."
    },
    {
      "start": 29.64,
      "end": 31.240000000000002,
      "text": "Falabella."
    },
    {
      "start": 31.240000000000002,
      "end": 34.84,
      "text": "Y se debe hablar con Marcela sobre ese tema."
    },
    {
      "start": 34.84,
      "end": 39.120000000000005,
      "text": "Yo hoy voy a hablar con Marcela para ver lo que se tiene y"
    },
    {
      "start": 39.120000000000005,
      "end": 43.2,
      "text": "evaluar si hay que hacer alguna actividad adicional."
    },
    {
      "start": 43.2,
      "end": 44.72,
      "text": "Listo."
    },
    {
      "start": 44.72,
      "end": 47.760000000000005,
      "text": "A las 11 tengo sesión con ella ahorita."
    },
    {
      "start": 47.760000000000005,
      "end": 49.800000000000004,
      "text": "Listo."
    },
    {
      "start": 49.800000000000004,
      "end": 55.52,
      "text": "Cualquier duda de contacto, por si de pronto tengo alguna"
    },
    {
      "start": 55.52,
      "end": 57.68000000000001,
      "text": "duda de lo que hablamos ahorita."
    },
    {
      "start": 57.68000000000001,
      "end": 58.36,
      "text": "Dale."
    },
    {
      "start": 58.4,
      "end": 61.64,
      "text": "Y te paso el archivo."
    },
    {
      "start": 61.64,
      "end": 62.32,
      "text": "Listo, Mariana."
    },
    {
      "start": 62.32,
      "end": 62.92,
      "text": "Muchas gracias."
    },
    {
      "start": 62.92,
      "end": 64.32,
      "text": "Dale, entonces estamos hablando."
    },
    {
      "start": 64.32,
      "end": 65.03999999999999,
      "text": "Que estés bien."
    },
    {
      "start": 65.03999999999999,
      "end": 66.0,
      "text": "Dale, que estés bien."
    },
    {
      "start": 66.0,
      "end": 68.24,
      "text": "Muchas gracias."
    },
    {
      "start": 68.24,
      "end": 68.72,
      "text": "Hasta luego."
    },
    {
      "start": 74.28,
      "end": 77.72,
      "text": "Bueno, me lo pago."
    },
    {
      "start": 77.72,
      "end": 81.8,
      "text": "Completar la integración de todo."
    },
    {
      "start": 81.8,
      "end": 89.96,
      "text": "Se ha salvado el dinero de la integración."
    },
    {
      "start": 89.96,
      "end": 91.84,
      "text": "Entregar la maquetación de la baja."
    },
    {
      "start": 101.32,
      "end": 102.6,
      "text": "El ticket."
    },
    {
      "start": 105.47999999999999,
      "end": 106.0,
      "text": "El ticket."
    },
    {
      "start": 106.0,
      "end": 115.0,
      "text": "Se ha logrado obtener avances en el ticket."
    },
    {
      "start": 118.0,
      "end": 126.6,
      "text": "Pero debido a la priorización del cliente cobre,"
    },
    {
      "start": 126.6,
      "end": 127.96000000000001,
      "text": "se hizo la liberación."
    }
  ],
  "speakers": [],
  "metrics": {
    "latency_ms": 158437,
    "rtf": 1.1094676272476043
  },
  "cost_estimate": {
    "currency": "USD",
    "per_min": 0.0,
    "total": 0.0
  }
}