{
  "source_file": "C:\\Users\\RENTAD~1\\AppData\\Local\\Temp\\tmp44yp28bj\\2025-04-30 12-04-38.mkv",
  "route": "whisper",
  "language": "es",
  "duration_sec": 479.488,
  "transcript": "súper, pues obviamente hay formatos de QBREL que piden el NIT de la compañía, que piden el código súper, pues sabemos que ahí tenemos que incluirlos de las compañías, los datos de la compañía actual, ¿sí? Sí, es correcto. Ahora, los formatos, pues sabemos que se puede trabajar una fuente, texto y otra fuente de datos, algo así, pero también uno puede trabajar los formatos en un excel y cargarlos uno a uno, que es como lo hemos venido haciendo mientras lo hablamos con ustedes cuando haya un poquito más de tiempo para entender bien el manejo de esas fuentes para hacerlo más automático, pero ahorita digamos por la urgencia pues lo vamos a trabajar así sobre, sobre los formatos trabajando en un excel y cargándolos, ¿sí? Sí, sí. Entonces, digamos, obviamente uno tiene que cargar los formatos que necesite a marzo de 2025, diciembre de 2024 y a marzo de la compañía que quedó, subiéndolo de esa forma con los códigos de la compañía actual y eso, yo creo que no deberíamos tener ningún problema en el plano que queremos en total, y por eso se transmite a la Super por el canal de la compañía nueva, ¿cierto? Es correcto. Una pregunta. Estaría manejando la misma taxonomía, ¿no? Sí, la y mi, somos, las dos son compañías de seguros, las que se unieron son compañías de seguros, las dos. Es igual, exacto. Pues ahí lo iba, sería como en el aplicativo, cambiarle el nombre de la entidad y el knit en, en pues ya como del pueblo, más de configuración de, de la aplicación y, y eso sería todo ya, ya como significa de actualizarlos en los activos que se van a transmitir y demás, pero eso ya es como de estar dentro de lo que, de lo que me había comentado, sí, señor. Pero Camilo, sé que usted dice knit y con violencia, ese cambio lo puede hacer uno mismo o tiene que hacer ustedes o no? Sí, ustedes pueden hacerlo, de hecho, no sé si usted pronto tenga acceso a aplicación en ese momento, ¿y qué? Le comparto. Ah, perfecto, ahora le comparto. Pero le comparto cada un segundo. Sí, creo que tengo total. Seguro. La que es. Que personal, seguro, no. Ok, listo, favorable. Ok, listo, aquí estoy. Entonces vámonos por favor a la parte de configuración y criterios. Ok, listo. Vámonos a la parte que se llama seleccionar y te va a configurar entidades. ¿Aca? Sí. Si es correcto, entonces dice... Exacto. Lo voy a continuar. Sí, señor. Entonces, la que seleccionado pues da de seguro generar el verdad. Exacto, correcto. Entonces ahí vamos a evitar. Esto, como le digo, si yo no le haré hecho... Si no le hago este cambio, igual me funciona bien. ¿Cierto? ¿No puedo generar el equipo de la... Sí, señor. Sí. Ahí la idea... La idea es hacer el cambio, ya vamos... La información abierto. Pero sí. Esto es aquí. El cambio digamos que no... No debería llevar el problema como tal con el reporte que iré. Exacto. Es que hay unos planos, seguramente usted conoce otras transmisiones que uno hace la súper. Pero obviamente el plan es completamente diferente, ¿no? Que tener un encabezado, un código súper para la entidad. Una palabra clave. Sí, señor. Es correcto. Entonces es... Espera, no se convirtió ya. Mirá el calnet. 8.0.0.39.8. 8.0.0.0.39.8. 8.0.0.0.0.39.8.8. Obvio, será. Así es, el burro es colombia sea la estación. ¡Uy, la edición! Sí, la edición. Sobre todo. Sí, pero... Calneta es el 8.0.0.7. Calneta es el 8.0.0. Sí. Calneta es el 8.0.0.7. No lo piso hasta... Como la cosa, lo piso hasta... ¿Este correo de qué es? ¿Este de algo? No, pues ese correo normalmente... No sé, suele enviarme a continuación. No se usa para nada, ¿no? Ah, ok. Vamos, vamos. Bueno. Tiene que cambiarlo después. Después, ahora sí, después lo cambio. Lo mismo en este teléfono, ¿sí? O sea, algo después lo cambio. Sí, sí. ¿Qué más tiene esto acá? Este numerito es, creo que es como un código... Código Antidáquico. ¿Qué me llamás? ¿Es una QWIP? QWIP. Sí, es el nivel código del sector, como tal. El sector comercial, ¿cierto? ¿Y a todo ahí le voy a enviar, ¿cierto? ¿Serían? Sí, sí, ahí le voy a enviar de uno. ¿Listo? ¿Y acá, Marisa? Ya. Bueno, ustedes creo que el contrato, como que se venció en diciembre, pero creo que se renovó por un año más. Entonces, creo que no tendríamos problema por este año. Si acá se fue en diciembre, volver otra vez en... Ah, mirar el tema de la renovación, ¿cierto? Me imagino. Pero, aunque eso ya es un tema, me imagino que con el área de comerciantes ustedes, ¿cierto? Sí, es correcto, pero ya con temas de contrato, si ya no... Es mayor que yo te voy a preguntar, ¿no? ¿No es verdad eso? Ya, a mí lo muy amable. Ah, no, liso. Ya, gracias. Es más, gracias. En otros camiones, muy pendientes por si, para tener así una cosa. Bueno, muy amable. Muchas gracias. Buen día.",
  "words": [
    {
      "start": 0.0,
      "end": 8.28,
      "text": "súper, pues obviamente hay formatos de QBREL que piden el NIT de la compañía, que piden el"
    },
    {
      "start": 8.28,
      "end": 13.6,
      "text": "código súper, pues sabemos que ahí tenemos que incluirlos de las compañías, los datos de la"
    },
    {
      "start": 13.6,
      "end": 26.240000000000002,
      "text": "compañía actual, ¿sí? Sí, es correcto. Ahora, los formatos, pues sabemos que se puede trabajar"
    },
    {
      "start": 26.240000000000002,
      "end": 31.840000000000003,
      "text": "una fuente, texto y otra fuente de datos, algo así, pero también uno puede trabajar los formatos"
    },
    {
      "start": 31.840000000000003,
      "end": 38.68,
      "text": "en un excel y cargarlos uno a uno, que es como lo hemos venido haciendo mientras lo hablamos"
    },
    {
      "start": 38.68,
      "end": 44.160000000000004,
      "text": "con ustedes cuando haya un poquito más de tiempo para entender bien el manejo de esas fuentes"
    },
    {
      "start": 44.160000000000004,
      "end": 48.400000000000006,
      "text": "para hacerlo más automático, pero ahorita digamos por la urgencia pues lo vamos a trabajar"
    },
    {
      "start": 48.4,
      "end": 53.48,
      "text": "así sobre, sobre los formatos trabajando en un excel y cargándolos, ¿sí?"
    },
    {
      "start": 53.48,
      "end": 59.879999999999995,
      "text": "Sí, sí. Entonces, digamos, obviamente uno tiene que cargar los formatos que necesite a"
    },
    {
      "start": 59.879999999999995,
      "end": 66.8,
      "text": "marzo de 2025, diciembre de 2024 y a marzo de la compañía que quedó, subiéndolo de esa"
    },
    {
      "start": 66.8,
      "end": 71.44,
      "text": "forma con los códigos de la compañía actual y eso, yo creo que no deberíamos tener ningún"
    },
    {
      "start": 71.44,
      "end": 79.6,
      "text": "problema en el plano que queremos en total, y por eso se transmite a la Super por el canal"
    },
    {
      "start": 79.6,
      "end": 86.67999999999999,
      "text": "de la compañía nueva, ¿cierto? Es correcto. Una pregunta. Estaría manejando la misma"
    },
    {
      "start": 86.67999999999999,
      "end": 92.32,
      "text": "taxonomía, ¿no? Sí, la y mi, somos, las dos son compañías de seguros, las que"
    },
    {
      "start": 92.32,
      "end": 95.56,
      "text": "se unieron son compañías de seguros, las dos. Es igual, exacto."
    },
    {
      "start": 96.52,
      "end": 101.92,
      "text": "Pues ahí lo iba, sería como en el aplicativo, cambiarle el nombre de la entidad y el"
    },
    {
      "start": 101.92,
      "end": 111.08,
      "text": "knit en, en pues ya como del pueblo, más de configuración de, de la aplicación y, y eso sería todo ya, ya como significa"
    },
    {
      "start": 111.08,
      "end": 117.64,
      "text": "de actualizarlos en los activos que se van a transmitir y demás, pero eso ya es como"
    },
    {
      "start": 117.64,
      "end": 122.88,
      "text": "de estar dentro de lo que, de lo que me había comentado, sí, señor."
    },
    {
      "start": 122.88,
      "end": 129.79999999999998,
      "text": "Pero Camilo, sé que usted dice knit y con violencia, ese cambio lo puede hacer uno mismo o tiene que"
    },
    {
      "start": 129.79999999999998,
      "end": 134.72,
      "text": "hacer ustedes o no? Sí, ustedes pueden hacerlo, de hecho, no sé si usted pronto tenga acceso a"
    },
    {
      "start": 134.72,
      "end": 139.0,
      "text": "aplicación en ese momento, ¿y qué? Le comparto. Ah, perfecto, ahora le comparto."
    },
    {
      "start": 140.48,
      "end": 142.68,
      "text": "Pero le comparto cada un segundo."
    },
    {
      "start": 145.28,
      "end": 147.28,
      "text": "Sí, creo que tengo total."
    },
    {
      "start": 153.84,
      "end": 154.84,
      "text": "Seguro."
    },
    {
      "start": 155.2,
      "end": 156.2,
      "text": "La que es."
    },
    {
      "start": 159.28,
      "end": 160.56,
      "text": "Que personal, seguro, no."
    },
    {
      "start": 160.56,
      "end": 182.56,
      "text": "Ok, listo, favorable."
    },
    {
      "start": 190.56,
      "end": 197.56,
      "text": "Ok, listo, aquí estoy."
    },
    {
      "start": 197.56,
      "end": 202.56,
      "text": "Entonces vámonos por favor a la parte de configuración y criterios."
    },
    {
      "start": 202.56,
      "end": 227.56,
      "text": "Ok, listo."
    },
    {
      "start": 227.56,
      "end": 237.56,
      "text": "Vámonos a la parte que se llama seleccionar y te va a configurar entidades."
    },
    {
      "start": 238.56,
      "end": 239.56,
      "text": "¿Aca?"
    },
    {
      "start": 239.56,
      "end": 240.56,
      "text": "Sí."
    },
    {
      "start": 240.56,
      "end": 242.56,
      "text": "Si es correcto, entonces dice..."
    },
    {
      "start": 242.56,
      "end": 243.56,
      "text": "Exacto."
    },
    {
      "start": 243.56,
      "end": 245.56,
      "text": "Lo voy a continuar."
    },
    {
      "start": 245.56,
      "end": 261.56,
      "text": "Sí, señor."
    },
    {
      "start": 261.56,
      "end": 266.56,
      "text": "Entonces, la que seleccionado pues da de seguro generar el verdad."
    },
    {
      "start": 266.56,
      "end": 267.56,
      "text": "Exacto, correcto."
    },
    {
      "start": 267.56,
      "end": 274.56,
      "text": "Entonces ahí vamos a evitar."
    },
    {
      "start": 274.56,
      "end": 277.56,
      "text": "Esto, como le digo, si yo no le haré hecho..."
    },
    {
      "start": 277.56,
      "end": 282.56,
      "text": "Si no le hago este cambio, igual me funciona bien."
    },
    {
      "start": 282.56,
      "end": 283.56,
      "text": "¿Cierto?"
    },
    {
      "start": 283.56,
      "end": 284.56,
      "text": "¿No puedo generar el equipo de la..."
    },
    {
      "start": 284.56,
      "end": 285.56,
      "text": "Sí, señor."
    },
    {
      "start": 285.56,
      "end": 286.56,
      "text": "Sí."
    },
    {
      "start": 286.56,
      "end": 287.56,
      "text": "Ahí la idea..."
    },
    {
      "start": 287.56,
      "end": 289.56,
      "text": "La idea es hacer el cambio, ya vamos..."
    },
    {
      "start": 289.56,
      "end": 292.56,
      "text": "La información abierto."
    },
    {
      "start": 292.56,
      "end": 293.56,
      "text": "Pero sí."
    },
    {
      "start": 293.56,
      "end": 294.56,
      "text": "Esto es aquí."
    },
    {
      "start": 294.56,
      "end": 295.56,
      "text": "El cambio digamos que no..."
    },
    {
      "start": 295.56,
      "end": 299.56,
      "text": "No debería llevar el problema como tal con el reporte que iré."
    },
    {
      "start": 299.56,
      "end": 300.56,
      "text": "Exacto."
    },
    {
      "start": 300.56,
      "end": 304.56,
      "text": "Es que hay unos planos, seguramente usted conoce otras transmisiones que uno hace la súper."
    },
    {
      "start": 304.56,
      "end": 306.56,
      "text": "Pero obviamente el plan es completamente diferente, ¿no?"
    },
    {
      "start": 306.56,
      "end": 310.56,
      "text": "Que tener un encabezado, un código súper para la entidad."
    },
    {
      "start": 310.56,
      "end": 311.56,
      "text": "Una palabra clave."
    },
    {
      "start": 311.56,
      "end": 312.56,
      "text": "Sí, señor."
    },
    {
      "start": 312.56,
      "end": 313.56,
      "text": "Es correcto."
    },
    {
      "start": 313.56,
      "end": 315.56,
      "text": "Entonces es..."
    },
    {
      "start": 316.56,
      "end": 317.56,
      "text": "Espera, no se convirtió ya."
    },
    {
      "start": 317.56,
      "end": 319.56,
      "text": "Mirá el calnet."
    },
    {
      "start": 323.56,
      "end": 326.56,
      "text": "8.0.0.39.8."
    },
    {
      "start": 328.56,
      "end": 331.56,
      "text": "8.0.0.0.39.8."
    },
    {
      "start": 340.56,
      "end": 342.56,
      "text": "8.0.0.0.0.39.8.8."
    },
    {
      "start": 342.56,
      "end": 343.56,
      "text": "Obvio, será."
    },
    {
      "start": 344.56,
      "end": 348.56,
      "text": "Así es, el burro es colombia sea la estación."
    },
    {
      "start": 348.56,
      "end": 350.56,
      "text": "¡Uy, la edición!"
    },
    {
      "start": 350.56,
      "end": 352.56,
      "text": "Sí, la edición."
    },
    {
      "start": 355.56,
      "end": 357.56,
      "text": "Sobre todo."
    },
    {
      "start": 357.56,
      "end": 358.56,
      "text": "Sí, pero..."
    },
    {
      "start": 358.56,
      "end": 361.56,
      "text": "Calneta es el 8.0.0.7."
    },
    {
      "start": 361.56,
      "end": 364.56,
      "text": "Calneta es el 8.0.0."
    },
    {
      "start": 364.56,
      "end": 365.56,
      "text": "Sí."
    },
    {
      "start": 373.56,
      "end": 375.56,
      "text": "Calneta es el 8.0.0.7."
    },
    {
      "start": 375.56,
      "end": 377.56,
      "text": "No lo piso hasta..."
    },
    {
      "start": 379.56,
      "end": 382.56,
      "text": "Como la cosa, lo piso hasta..."
    },
    {
      "start": 385.56,
      "end": 386.56,
      "text": "¿Este correo de qué es?"
    },
    {
      "start": 386.56,
      "end": 388.56,
      "text": "¿Este de algo?"
    },
    {
      "start": 389.56,
      "end": 392.56,
      "text": "No, pues ese correo normalmente..."
    },
    {
      "start": 392.56,
      "end": 396.56,
      "text": "No sé, suele enviarme a continuación."
    },
    {
      "start": 396.56,
      "end": 397.56,
      "text": "No se usa para nada, ¿no?"
    },
    {
      "start": 397.56,
      "end": 398.56,
      "text": "Ah, ok."
    },
    {
      "start": 398.56,
      "end": 400.56,
      "text": "Vamos, vamos."
    },
    {
      "start": 400.56,
      "end": 401.56,
      "text": "Bueno."
    },
    {
      "start": 401.56,
      "end": 403.56,
      "text": "Tiene que cambiarlo después."
    },
    {
      "start": 403.56,
      "end": 405.56,
      "text": "Después, ahora sí, después lo cambio."
    },
    {
      "start": 405.56,
      "end": 407.56,
      "text": "Lo mismo en este teléfono, ¿sí?"
    },
    {
      "start": 407.56,
      "end": 409.56,
      "text": "O sea, algo después lo cambio."
    },
    {
      "start": 409.56,
      "end": 410.56,
      "text": "Sí, sí."
    },
    {
      "start": 410.56,
      "end": 412.56,
      "text": "¿Qué más tiene esto acá?"
    },
    {
      "start": 412.56,
      "end": 415.56,
      "text": "Este numerito es, creo que es como un código..."
    },
    {
      "start": 415.56,
      "end": 417.56,
      "text": "Código Antidáquico."
    },
    {
      "start": 417.56,
      "end": 418.56,
      "text": "¿Qué me llamás? ¿Es una QWIP?"
    },
    {
      "start": 418.56,
      "end": 419.56,
      "text": "QWIP."
    },
    {
      "start": 419.56,
      "end": 421.56,
      "text": "Sí, es el nivel código del sector, como tal."
    },
    {
      "start": 421.56,
      "end": 424.56,
      "text": "El sector comercial, ¿cierto?"
    },
    {
      "start": 424.56,
      "end": 426.56,
      "text": "¿Y a todo ahí le voy a enviar, ¿cierto?"
    },
    {
      "start": 426.56,
      "end": 427.56,
      "text": "¿Serían?"
    },
    {
      "start": 427.56,
      "end": 429.56,
      "text": "Sí, sí, ahí le voy a enviar de uno."
    },
    {
      "start": 432.56,
      "end": 437.56,
      "text": "¿Listo? ¿Y acá, Marisa?"
    },
    {
      "start": 439.56,
      "end": 440.56,
      "text": "Ya."
    },
    {
      "start": 440.56,
      "end": 443.56,
      "text": "Bueno, ustedes creo que el contrato, como que se venció en diciembre,"
    },
    {
      "start": 443.56,
      "end": 445.56,
      "text": "pero creo que se renovó por un año más."
    },
    {
      "start": 445.56,
      "end": 449.56,
      "text": "Entonces, creo que no tendríamos problema por este año."
    },
    {
      "start": 449.56,
      "end": 452.56,
      "text": "Si acá se fue en diciembre, volver otra vez en..."
    },
    {
      "start": 452.56,
      "end": 455.56,
      "text": "Ah, mirar el tema de la renovación, ¿cierto?"
    },
    {
      "start": 455.56,
      "end": 456.56,
      "text": "Me imagino."
    },
    {
      "start": 456.56,
      "end": 457.56,
      "text": "Pero, aunque eso ya es un tema,"
    },
    {
      "start": 457.56,
      "end": 459.56,
      "text": "me imagino que con el área de comerciantes ustedes, ¿cierto?"
    },
    {
      "start": 459.56,
      "end": 461.56,
      "text": "Sí, es correcto, pero ya con temas de contrato,"
    },
    {
      "start": 461.56,
      "end": 463.56,
      "text": "si ya no..."
    },
    {
      "start": 466.56,
      "end": 467.56,
      "text": "Es mayor que yo te voy a preguntar, ¿no?"
    },
    {
      "start": 467.56,
      "end": 468.56,
      "text": "¿No es verdad eso?"
    },
    {
      "start": 468.56,
      "end": 469.56,
      "text": "Ya, a mí lo muy amable."
    },
    {
      "start": 469.56,
      "end": 470.56,
      "text": "Ah, no, liso."
    },
    {
      "start": 470.56,
      "end": 471.56,
      "text": "Ya, gracias."
    },
    {
      "start": 471.56,
      "end": 472.56,
      "text": "Es más, gracias."
    },
    {
      "start": 472.56,
      "end": 473.56,
      "text": "En otros camiones, muy pendientes por si,"
    },
    {
      "start": 473.56,
      "end": 475.56,
      "text": "para tener así una cosa."
    },
    {
      "start": 475.56,
      "end": 476.56,
      "text": "Bueno, muy amable."
    },
    {
      "start": 476.56,
      "end": 477.56,
      "text": "Muchas gracias."
    },
    {
      "start": 477.56,
      "end": 478.56,
      "text": "Buen día."
    }
  ],
  "speakers": [],
  "metrics": {
    "latency_ms": 288860,
    "rtf": 0.6024361614414351
  },
  "cost_estimate": {
    "currency": "USD",
    "per_min": 0.0,
    "total": 0.0
  }
}